authors;title;price;isbn13;page-size
Ahmet Hamdi Tanpinar;Saatler Ayarlama Enstitusu;;9789759955762
Sait Faik Abasiyanik;Semaver;;9786053608851
Ali Seriati;Dine Karsi Din;;9789756004678
Ali Seriati;;;9789756004913
Ali Seriati;;;9789756004920
Celal Silay;;;9789750802508
Spinoza;;;9786052133200
George Rude;;;9789750517297
Deniz Gezgin;Ahraz;;9789755705774
Murat Demirkol Ali Seriati;Islam Nedir Muhammed Kimdir;;9789756004784
Yuval Noah Harari;Hayvanlardan Tanrilara - Sapiens;;9786055029357
Charles Darwin;;;9786059460422
Ursula K. Le Guin;;;9789753425285
Ursula K. Le Guin;;;9789753420570
Platon;Sokrates'in Savunmasi;;9786053607021
Hasan Ali Toptas;Harfler ve Notalar;;
Mehmet Fuad Koprulu;Anadolu’da Islamiyet - Mehmet Fuad Köprülü Külliyati 9;;
Samuel Beckett;Godotyu Beklerken;;
Jose Saramago;Körlük;;
Jose Saramago;Görmek;;9786052981320
Fyodor Mihailovic Dostoyevski;Ecinniler;;9786053605669
Franz Kafka;Bir Savasin Tasviri;;9786055532680
Carlos Fuentes;Korlerin Sarkisi;;9789750708459
Oguz Atay;Bir Bilim Adaminin Romani;;9789754700671
Mustafa Kemal Atatürk;Geometri;;9786054532100
Friedrich W. Nietzsche;Tragedyanin Dogusu Ciltsiz;;9789944888325
George Orwell Semsa Yegin;Aspidistra;;9789750734403
Mahmut Muhammet Taha;;;9789755396231
Antoine de Saint-Exupery;;;9786054708956
Alper Turan Panait Istrati;;;9786059115636
Marcel Proust;;;9786055182052
Salah Birsel;;;9789755706641
Suha Sertabiboglu William S. Burroughs;;;9789755705415
Salah Birsel;;;9789755707242
Zafer Algöz;Hasirt Di Bilekbord;;
Jorge Luis Borges,Tomris Uyar;Alef;;
Albert Camus;Sisifos Söyleni;;
Michel Foucault;Kelimeler ve þeyler;;
Halil Inalcik;Osmanlilar;;
Ece Ayhan;Sivil denemeler kara: Deneme (Edebiyat) (Turkish Edition);;9789753638999
Sabahattin Kudret Aksal;Gazoz agaci, Yarali hayvan ve otesi: Butun oykuleri (Edebiyat) (Turkish Edition);;9789753632614
Ece Ayhan;Morotesi Requiem;;9789753636704
Yusuf Atilgan;Aylak Adam;;9789750802447
Sabahattin Ali;Kuyucakli Yusuf;;9789750800016
J. D. Salinger;Cavdar Tarlasinda Cocuklar;;9789753636360
Yasar Kemal;Ince Memed 1;;9789750807145
Yasar Kemal;Filler Sultani ile Kirmizi Sakalli Topal Karinca;;9789750806735
Ihsan Oktay Anar;Yedinci Gün;;9789750510861
;Tatar çölü;;9789754701258
;Fahrenheit 451;;9786053757818
;Tahir Sami Bey'in özel hayatý;;9789759951818
;Boyle Soyledi Zerdust;;9786053603535
;25 Agustos 1983 Ve Diger Öyküler;;9789752981423
;;;9757501581002
;;;9789750506178
;;;9789750506741
;;;9786051921211
;;;9789750816291
;;;9799758467128
;;;9780140621723
;;;9789758717019
;;;9789753500173
;;;9789754184525
;;;9786056323942
;;;9789754731927
;;;9789750815010
;;;9789755842554
;;;9789755702513
;;;9786053607861
;;;9786053607205
;;;9786053322573
Sait Faik Abasiyanik;;;9786053607465
Sait Faik Abasiyanik;;;9786052950074
